{"cameraMode":{"drawMode":0,"name":"Shaded","section":"Shading Mode"},"sceneLighting":false,"audioPlay":false,"sceneViewState":{"m_AlwaysRefresh":false,"showFog":true,"showSkybox":false,"showFlares":true,"showImageEffects":true,"showParticleSystems":true,"showVisualEffectGraphs":true,"m_FxEnabled":true},"in2DMode":false,"pivot":{"x":-56.00809860229492,"y":7.865479469299316,"z":-21.98487091064453},"rotation":{"x":0.1843247413635254,"y":-0.011794434860348702,"z":0.0022117288317531349,"w":0.9827950596809387},"size":27.88909339904785,"orthographic":false}