{"cameraMode":{"drawMode":0,"name":"Shaded","section":"Shading Mode"},"sceneLighting":false,"audioPlay":false,"sceneViewState":{"m_AlwaysRefresh":false,"showFog":true,"showSkybox":false,"showFlares":true,"showImageEffects":true,"showParticleSystems":true,"showVisualEffectGraphs":true,"m_FxEnabled":true},"in2DMode":false,"pivot":{"x":5.010000228881836,"y":0.5599994659423828,"z":-0.0949859619140625},"rotation":{"x":0.18187305331230164,"y":0.03391699120402336,"z":-0.006279096473008394,"w":0.9827258586883545},"size":32.065460205078128,"orthographic":false}