{"cameraMode":{"drawMode":0,"name":"Shaded","section":"Shading Mode"},"sceneLighting":true,"audioPlay":false,"sceneViewState":{"m_AlwaysRefresh":false,"showFog":true,"showSkybox":true,"showFlares":true,"showImageEffects":true,"showParticleSystems":true,"showVisualEffectGraphs":true,"m_FxEnabled":true},"in2DMode":false,"pivot":{"x":-0.6116358041763306,"y":0.04155385494232178,"z":4.868492603302002},"rotation":{"x":0.20400604605674745,"y":0.022024143487215043,"z":-0.004594617057591677,"w":0.9787189960479736},"size":1.8617947101593018,"orthographic":false}