{"cameraMode":{"drawMode":0,"name":"Shaded","section":"Shading Mode"},"sceneLighting":true,"audioPlay":false,"sceneViewState":{"m_AlwaysRefresh":false,"showFog":true,"showSkybox":true,"showFlares":true,"showImageEffects":true,"showParticleSystems":true,"showVisualEffectGraphs":true,"m_FxEnabled":true},"in2DMode":false,"pivot":{"x":0.015538632869720459,"y":0.3405025601387024,"z":-126.37057495117188},"rotation":{"x":0.08285707980394364,"y":-0.8880556225776672,"z":0.17678508162498475,"w":0.4162331521511078},"size":1.658599853515625,"orthographic":false}