{"cameraMode":{"drawMode":0,"name":"Shaded","section":"Shading Mode"},"sceneLighting":true,"audioPlay":false,"sceneViewState":{"m_AlwaysRefresh":false,"showFog":true,"showSkybox":true,"showFlares":true,"showImageEffects":true,"showParticleSystems":true,"showVisualEffectGraphs":true,"m_FxEnabled":true},"in2DMode":false,"pivot":{"x":0.5002635717391968,"y":1.0079461336135865,"z":29.349580764770509},"rotation":{"x":0.19154682755470277,"y":0.03973802551627159,"z":-0.007762013468891382,"w":0.9806477427482605},"size":4.270718574523926,"orthographic":false}