{"cameraMode":{"drawMode":0,"name":"Shaded","section":"Shading Mode"},"sceneLighting":false,"audioPlay":false,"sceneViewState":{"m_AlwaysRefresh":false,"showFog":true,"showSkybox":false,"showFlares":true,"showImageEffects":true,"showParticleSystems":true,"showVisualEffectGraphs":true,"m_FxEnabled":true},"in2DMode":false,"pivot":{"x":0.001405477523803711,"y":0.9242171049118042,"z":-0.02254277467727661},"rotation":{"x":0.10819490998983383,"y":0.7319269180297852,"z":-0.11962181329727173,"w":0.6620294451713562},"size":1.324730396270752,"orthographic":false}