{"cameraMode":{"drawMode":0,"name":"Shaded","section":"Shading Mode"},"sceneLighting":false,"audioPlay":false,"sceneViewState":{"m_AlwaysRefresh":false,"showFog":true,"showSkybox":false,"showFlares":true,"showImageEffects":true,"showParticleSystems":true,"showVisualEffectGraphs":true,"m_FxEnabled":true},"in2DMode":false,"pivot":{"x":0.033435940742492679,"y":17.69591522216797,"z":-40.23649597167969},"rotation":{"x":0.18776701390743257,"y":0.3676801323890686,"z":-0.07606474310159683,"w":0.9076235890388489},"size":6.037844181060791,"orthographic":true}