{"cameraMode":{"drawMode":0,"name":"Shaded","section":"Shading Mode"},"sceneLighting":false,"audioPlay":false,"sceneViewState":{"m_AlwaysRefresh":false,"showFog":true,"showSkybox":false,"showFlares":true,"showImageEffects":true,"showParticleSystems":true,"showVisualEffectGraphs":true,"m_FxEnabled":true},"in2DMode":false,"pivot":{"x":-0.16097840666770936,"y":0.18925149738788606,"z":-0.07910870015621185},"rotation":{"x":0.3375924527645111,"y":0.336990624666214,"z":-0.13090050220489503,"w":0.8691015243530273},"size":0.6251243352890015,"orthographic":false}