{"cameraMode":{"drawMode":0,"name":"Shaded","section":"Shading Mode"},"sceneLighting":false,"audioPlay":false,"sceneViewState":{"m_AlwaysRefresh":false,"showFog":true,"showSkybox":false,"showFlares":true,"showImageEffects":true,"showParticleSystems":true,"showVisualEffectGraphs":true,"m_FxEnabled":true},"in2DMode":false,"pivot":{"x":0.9645140171051025,"y":0.23935480415821076,"z":-0.035120829939842227},"rotation":{"x":0.0740094929933548,"y":0.924227237701416,"z":-0.23353423178195954,"w":0.29289746284484866},"size":0.3251243233680725,"orthographic":false}