{"cameraMode":{"drawMode":0,"name":"Shaded","section":"Shading Mode"},"sceneLighting":false,"audioPlay":false,"sceneViewState":{"m_AlwaysRefresh":false,"showFog":true,"showSkybox":false,"showFlares":true,"showImageEffects":true,"showParticleSystems":true,"showVisualEffectGraphs":true,"m_FxEnabled":true},"in2DMode":false,"pivot":{"x":0.9645140171051025,"y":0.23935480415821076,"z":-0.035120829939842227},"rotation":{"x":0.2513869106769562,"y":0.16538845002651215,"z":-0.04366227611899376,"w":0.9526633024215698},"size":0.46616923809051516,"orthographic":false}