{"cameraMode":{"drawMode":0,"name":"Shaded","section":"Shading Mode"},"sceneLighting":false,"audioPlay":false,"sceneViewState":{"m_AlwaysRefresh":false,"showFog":true,"showSkybox":false,"showFlares":true,"showImageEffects":true,"showParticleSystems":true,"showVisualEffectGraphs":true,"m_FxEnabled":true},"in2DMode":false,"pivot":{"x":0.03578805923461914,"y":1.074739933013916,"z":-12.391866683959961},"rotation":{"x":0.18776701390743257,"y":0.3676801323890686,"z":-0.07606474310159683,"w":0.9076235890388489},"size":5.551669597625732,"orthographic":true}