{"cameraMode":{"drawMode":0,"name":"Shaded","section":"Shading Mode"},"sceneLighting":false,"audioPlay":false,"sceneViewState":{"m_AlwaysRefresh":false,"showFog":true,"showSkybox":false,"showFlares":true,"showImageEffects":true,"showParticleSystems":true,"showVisualEffectGraphs":true,"m_FxEnabled":true},"in2DMode":false,"pivot":{"x":0.03343188762664795,"y":15.84243392944336,"z":-29.006229400634767},"rotation":{"x":0.18776701390743257,"y":0.3676801323890686,"z":-0.07606474310159683,"w":0.9076235890388489},"size":4.3467841148376469,"orthographic":true}