{"cameraMode":{"drawMode":0,"name":"Shaded","section":"Shading Mode"},"sceneLighting":false,"audioPlay":false,"sceneViewState":{"m_AlwaysRefresh":false,"showFog":true,"showSkybox":false,"showFlares":true,"showImageEffects":true,"showParticleSystems":true,"showVisualEffectGraphs":true,"m_FxEnabled":true},"in2DMode":false,"pivot":{"x":-0.16097840666770936,"y":0.18925149738788606,"z":-0.07910870015621185},"rotation":{"x":0.0660741850733757,"y":0.7646452784538269,"z":-0.07942449301481247,"w":0.6361164450645447},"size":0.990874707698822,"orthographic":false}